[
    {
        "webinartitle": "php",
        "webinardetails": "Learn how to Make animation",
        "Gname": "Amit Pavar",
        "GuestMNo": "9898907823",
        "GEmail": "apermar@gmail.com",
        "WDate": "2024-08-03",
        "WTime": "16:22",
        "WPrice": "399",
        "WLink": "https:\/\/us05web.zoom.us\/j\/89438169823?pwd=AdPWRbzfl4g1D8LkvtGDmbt9k5ajEI.1"
    },
    {
        "webinartitle": "Ui & UX Design",
        "webinardetails": "Learn basic to advance photoshop",
        "Gname": "khushi",
        "GuestMNo": "8927839810",
        "GEmail": "khushi@gmail.com",
        "WDate": "2024-07-19",
        "WTime": "15:30",
        "WPrice": "100",
        "WLink": "https:\/\/us05web.zoom.us\/j\/84712619694?pwd=qYDiycGD3ZNTRihSyYobxwDymg1Fle.1"
    }
]